datetime,gmx,gmvx,upper,lower,position
2010-04-09,-1.0345155528517997,0.15602271702522155,,,0.0
2010-04-16,-1.0896088426463244,0.16493974714234494,,,1.0
2010-04-23,-1.1212852727153624,0.31913532855188687,,,1.0
2010-04-30,-1.5259893853678155,0.6360072698242143,,,1.0
2010-05-07,-1.9968454771118156,0.9277372512299359,,,1.0
2010-05-14,-2.132485667190923,0.9437551641119873,,,1.0
2010-05-21,-2.161808204207923,0.5720472628012916,,,1.0
2010-05-28,-1.9631595508716342,0.3644955243112904,,,1.0
2010-06-04,-1.6121439263441921,-0.22941406060293712,,,0.0
2010-06-11,-1.529994644671717,-0.24464812202073577,,,0.0
2010-06-18,-1.4968408725121949,-0.08833991617480247,,,0.0
2010-06-25,-1.4848523662729018,-0.23205705185676576,,,0.0
2010-07-02,-1.5389571484150417,-0.3225883940816454,,,0.0
2010-07-09,-1.4414909406874434,-0.780713961777207,,,0.0
2010-07-16,-1.4364963379829367,-1.0472548723156518,,,0.0
2010-07-23,-1.33898896225168,-1.2367957077542835,,,0.0
2010-07-30,-1.0772672850707943,-1.0826080403424616,,,0.0
2010-08-06,-0.8933884409638062,-0.7652166508640783,,,0.0
2010-08-13,-0.616482078763346,-0.49650261813314034,,,0.0
2010-08-20,-0.4988678523733967,-0.1255740530577628,,,0.0
2010-08-27,-0.6812409448653384,0.2792920644867076,,,1.0
2010-09-03,-0.7997788711905935,0.5840578120810835,,,1.0
2010-09-10,-0.8072516261221778,0.7402805351774568,,,1.0
2010-09-17,-0.9202453845967054,0.9608790178751753,,,1.0
2010-09-24,-0.917609866615302,0.7833993940588332,,,1.0
2010-10-01,-0.8696113682953162,0.46268188479197436,,,1.0
2010-10-08,-0.8439429973557594,0.11780295492938908,,,1.0
2010-10-15,-0.41168056980718665,-1.0276141341167966,,,0.0
2010-10-22,0.04781925541039067,-1.8718956168284397,,,0.0
2010-10-29,0.5156351730961019,-2.3448014922644655,,,0.0
2010-11-05,0.8551677684858402,-2.565351077991979,,,0.0
2010-11-12,1.115162908042028,-1.2833126516414608,,,0.0
2010-11-19,1.1965998455664217,-0.037746374105663616,,,0.0
2010-11-26,1.0977841193074793,0.9082130638532232,,,1.0
2010-12-03,0.8513591717496698,1.5527461563511056,,,1.0
2010-12-10,0.5221613218909782,1.1538537999207557,,,1.0
2010-12-17,0.4307654486668906,0.681219992462738,,,1.0
2010-12-24,0.19890580052824913,-0.01702112908342157,,,0.0
2010-12-31,0.12481821417104333,-0.4988176611938544,,,0.0
2011-01-07,-0.07027517941109596,-0.6893087814497149,,,0.0
2011-01-14,-0.461636005725802,-1.0427233888259004,,,0.0
2011-01-21,-0.700672907799645,-1.0454287781263927,,,0.0
2011-01-28,-0.8106140570487195,-1.2092074574975455,,,0.0
2011-02-04,-0.8783716690077226,-1.368791316711364,,,0.0
2011-02-11,-0.6486276780167237,-1.100309754772035,,,0.0
2011-02-18,-0.1773497220264959,-0.8819111045491399,,,0.0
2011-02-25,0.05151404770246781,-0.32891217714145715,,,0.0
2011-03-04,0.14825640109841787,-0.001014369398869619,,,0.0
2011-03-11,0.028729687281339733,0.193137389038244,,,1.0
2011-03-18,-0.2195631500613897,0.5151701263946467,,,1.0
2011-03-25,-0.2470445515138615,0.3349725577772728,,,1.0
2011-04-01,-0.33307417365498254,0.37319111341576894,1.1187532718695476,-2.3343448245384146,1.0
2011-04-08,-0.17510635361399046,0.0928859787316525,1.1143620665819955,-2.313625716506695,1.0
2011-04-15,-0.018470441485526845,-0.5129583966925559,1.1162297611925314,-2.293968915432904,0.0
2011-04-22,-0.16087925877740045,-0.6070059453973068,1.1120882383849593,-2.274264108321958,0.0
2011-04-29,-0.160770247652668,-0.7960725502805668,1.107887380279101,-2.2550519042405344,0.0
2011-05-06,-0.6199177346123316,-0.4937225614231046,1.092038933814008,-2.240829263832691,0.0
2011-05-13,-0.9998738898424343,0.03249973976617332,1.0737955689308651,-2.2372575791162066,1.0
2011-05-20,-1.1984392815697609,0.1568237570836245,1.0568459166373985,-2.241213292127048,1.0
2011-05-27,-1.4858624885614056,0.24273345486963288,1.0441190943132792,-2.2582757631634816,1.0
2011-06-03,-1.3664644850726027,-0.13408673314710257,1.029359099234735,-2.268413674663544,0.0
2011-06-10,-1.5180410445530006,-0.6018845098287946,1.0171440855472458,-2.2851829757127833,0.0
2011-06-17,-1.7032278054597492,-0.8726934957125863,1.0088138929254722,-2.31079590564266,0.0
2011-06-24,-1.5189618192485868,-1.0103843002502964,0.9962626334109133,-2.3253687340309135,0.0
2011-07-01,-1.442573680462182,-0.9018321874330383,0.9825314642155749,-2.3355766611479503,0.0
2011-07-08,-1.0749690906941844,-0.8722134582194853,0.9666027369104824,-2.3317220699709784,0.0
2011-07-15,-0.46158876181924846,-0.74506274882525,0.9582498157949175,-2.31677300244613,0.0
2011-07-22,-0.30751684193927087,-0.46439089496861047,0.9539494277747615,-2.3015389452675525,0.0
2011-07-29,-0.3230977853154534,-0.20661950203829182,0.949223809104625,-2.286648196932751,0.0
2011-08-05,-0.6636156376489016,0.18279364317032865,0.9375301156460827,-2.2748088875809183,1.0
2011-08-12,-1.387060593590248,0.36423979395568384,0.9249889160398576,-2.2825049050908293,1.0
2011-08-19,-1.9883720139316394,0.34568292117619637,0.9251076244282594,-2.3190017806849577,1.0
2011-08-26,-2.18879422522237,0.21316787813103472,0.9307883909890428,-2.3655550718236595,1.0
2011-09-02,-2.2861493979833165,-0.14902244796522884,0.938404482872058,-2.4155702463435937,0.0
2011-09-09,-2.147858084865051,-0.38499725169875637,0.9397436804841104,-2.4544901160390937,0.0
2011-09-16,-1.9885395319740757,-0.6249150382578849,0.9356903465686504,-2.4828358956551226,0.0
2011-09-23,-2.2986285070338495,-0.6236124025332703,0.9398146279843094,-2.5265720142783303,0.0
2011-09-30,-2.576966229710295,-0.6706870654018642,0.9523939094073058,-2.5848843094593597,0.0
2011-10-14,-2.707011681247661,-0.7775931702893345,0.9678567783778254,-2.648214684283591,1.0
2011-10-21,-2.8744191779517156,-1.0402463016536663,0.9876389020706126,-2.7188528136013494,1.0
2011-10-28,-2.45237425113204,-1.457089726876806,0.9898835929863976,-2.760276943908904,0.0
2011-11-04,-1.8249949649899055,-1.460106206884879,0.9783366262637424,-2.7716518866869477,0.0
2011-11-11,-1.5348507571874517,-1.3408469476067812,0.9644386515206874,-2.7731320595818647,0.0
2011-11-18,-1.2326020584992092,-0.8336530378590922,0.9506196484855257,-2.7671286602245275,0.0
2011-11-25,-1.4793456601246753,-0.14924396498492642,0.9369515183455386,-2.7668979690081916,0.0
2011-12-02,-1.9496184017097575,0.09740368200750246,0.9274681751789287,-2.7814761415713125,1.0
2011-12-09,-2.3039615110108933,0.023800409944016554,0.9243193685966268,-2.809981531030728,1.0
2011-12-16,-2.5708201051209874,-0.41842333011079685,0.9272265166852368,-2.849888429662609,0.0
2011-12-23,-2.7299756712335053,-1.1266004496605702,0.9336616844538539,-2.896068422481672,0.0
2011-12-30,-2.8246715155003432,-1.5964689089751347,0.9416479216104816,-2.9450206184491092,0.0
2012-01-06,-2.940968793250506,-1.956672163289674,0.9518185559245851,-2.9978128449573047,0.0
2012-01-13,-2.754585342214986,-1.8294516242562378,0.9550303015190074,-3.0386678122408277,0.0
2012-01-20,-2.2561046862637015,-1.7926992412620213,0.946994463215002,-3.0567456498702152,0.0
2012-02-03,-1.6220900171438124,-1.8889800062775035,0.9336034927749763,-3.0554230714262793,0.0
2012-02-10,-0.7470615695501421,-2.467739478101192,0.9273146796528045,-3.0425269273614655,0.0
2012-02-17,-0.09680488432931234,-3.1727107764611704,0.936565012836337,-3.031760568054893,0.0
2012-02-24,0.3664579960289013,-4.115550921798339,0.9615598740388571,-3.0275996401102345,0.0
2012-03-02,0.6682067578512837,-4.661508018083143,0.9981578311721795,-3.029478686205047,0.0
2012-03-09,0.7002113766229758,-4.818570871456034,1.0346595394761073,-3.0313163176576734,0.0
2012-03-16,0.49619950199642027,-4.619546583541088,1.0612773957309467,-3.0280436160907693,0.0
2012-03-23,0.020755050186587576,-4.02208399460954,1.070761051258466,-3.017643347650635,0.0
2012-03-30,-0.6642169507798239,-3.2335367654545006,1.0645692165599168,-3.0053882933949043,0.0
2012-04-06,-1.0187275593697658,-2.5553321686369554,1.0541225400424583,-2.995879830876519,0.0
2012-04-13,-0.9420097432555246,-2.2313619942427283,1.0445540001355074,-2.9857561197741544,0.0
2012-04-20,-0.549505849008911,-2.236497155097726,1.0405362661747055,-2.9737175246550587,0.0
2012-04-27,0.06143899197487357,-2.599017812662555,1.0506117089598879,-2.964396182134297,0.0
2012-05-04,0.3773660380834428,-2.8133833349422366,1.0701751348555502,-2.9590202010267697,0.0
2012-05-11,0.32713319238008287,-2.8666930034804667,1.0873898354919698,-2.952687573413825,0.0
2012-05-18,-0.0013414668452681466,-2.7898922547974396,1.0944596239219526,-2.9426691526306756,0.0
2012-05-25,-0.25113328759307924,-2.7000828689740217,1.0953907351586216,-2.931364418835322,0.0
2012-06-01,-0.46193305457729267,-2.829696135814,1.0921956537516757,-2.919952152072321,0.0
2012-06-08,-0.5810792409152259,-2.815773032977281,1.0871003773249819,-2.908914036212679,0.0
2012-06-15,-0.3891972390383647,-2.879403919881322,1.0851980485415185,-2.897777909368941,0.0
2012-06-22,-0.3096447450026659,-2.9389844426048164,1.0847477996879302,-2.8868602011221767,0.0
2012-06-29,-0.3579610065651976,-2.6841689315237516,1.0833343584948452,-2.8760016261177537,0.0
2012-07-06,-0.28930508661249366,-2.7265098508437537,1.0831619394709717,-2.865363197659416,0.0
2012-07-13,-0.5392724995389984,-2.5618068680752613,1.0787169677026962,-2.8549040698303667,0.0
2012-07-20,-0.8839969043782978,-2.335940550937269,1.0703286202017823,-2.8464462876398677,0.0
2012-07-27,-1.0738206447468832,-2.3837787733568265,1.0607490690577694,-2.8399887837400204,0.0
2012-08-03,-1.3659239589356555,-2.2704058946138446,1.0505136299730506,-2.8376917463485434,0.0
2012-08-10,-1.2355253996704874,-2.4904967169027996,1.0405683138076394,-2.833398270538219,0.0
2012-08-17,-1.044993814743531,-2.726247535278974,1.031517388014408,-2.8267830633741386,0.0
2012-08-24,-0.9137772108826256,-3.0091832660919544,1.0234657171900636,-2.818993902683173,0.0
2012-08-31,-0.9853166710362103,-3.3871033306973644,1.0149984469690172,-2.811938770821637,0.0
2012-09-07,-1.1302169391063757,-3.4391431093619556,1.0058641057617215,-2.8065123780492223,0.0
2012-09-14,-1.188765599870653,-3.403526805113149,0.9966302864465176,-2.8018569946661915,0.0
2012-09-21,-1.3202879000052667,-3.144958596170476,0.9872415440559961,-2.799045804179535,0.0
2012-09-28,-0.9867058112396455,-2.6885006198578743,0.9791963152776758,-2.792263132919619,0.0
2012-10-12,-0.878612921356592,-2.4157273767090057,0.9720386123962765,-2.7846725542635786,0.0
2012-10-19,-0.5934935130950794,-2.2050018449877817,0.9679547934541327,-2.7757760667393025,0.0
2012-10-26,-0.28547768800272044,-2.177008815416814,0.9685911042495081,-2.7669706531279625,0.0
2012-11-02,-0.21225618074743088,-2.480394449875886,0.970491181515365,-2.7584626456409134,0.0
2012-11-09,-0.37030465911643007,-2.6471301546357004,0.9695717417221424,-2.749668302495114,0.0
2012-11-16,-0.9624086883690461,-2.72494097720531,0.9620696781964483,-2.743246245058712,0.0
2012-11-23,-1.2280279709353283,-2.651304711497561,0.9535579950088602,-2.7397336683526676,0.0
2012-11-30,-1.9321005262249002,-2.176331127819032,0.9476749757864117,-2.7491302475059984,0.0
2012-12-07,-1.967019528129164,-1.8345020466448405,0.9420747035288609,-2.759096280245081,0.0
2012-12-14,-1.4108530495010188,-1.4350001613228596,0.9336506440439701,-2.7579525433854495,0.0
2012-12-21,-1.0283951245596872,-1.1892050046810383,0.9262202242783953,-2.752194701675831,0.0
2012-12-28,0.06939500881235583,-1.396538697561124,0.9341172217719328,-2.7460576670620673,0.0
2013-01-04,0.9668182838425453,-1.4972296980044524,0.9677515809710965,-2.7531276502826834,0.0
2013-01-11,1.4418054488969219,-1.8780139394709519,1.0185356816135842,-2.771031561015978,0.0
2013-01-18,2.21288682744506,-2.1364796825847074,1.1028660893893512,-2.812157286733755,0.0
2013-01-25,2.3594120792554665,-2.0158148370461038,1.1905447111696734,-2.8551962185428597,0.0
2013-02-01,2.3536598232201125,-1.8735239081362107,1.2737775840792576,-2.8944844628054547,0.0
2013-02-08,2.876778712278264,-1.4899463581237753,1.3796434736948462,-2.949841692809518,0.0
2013-02-22,2.8148066707974975,-1.4378568904212932,1.4769441580355092,-2.9981640672133802,0.0
2013-03-01,3.3025317417755975,-1.6878135210387188,1.594671452300752,-3.060984041257481,0.0
2013-03-08,3.535652494517204,-2.250515519801599,1.7185843044807754,-3.127597446605349,0.0
2013-03-15,3.110880507385123,-2.6791288006144924,1.814953331384491,-3.1730946457964326,0.0
2013-03-22,3.009608559441572,-2.488876375294842,1.90252822370116,-3.2118128597469093,0.0
2013-03-29,2.2371316370139103,-2.2709754814607144,1.9558835731716,-3.2271185519142334,0.0
2013-04-05,1.7798492932604095,-1.7623982889531224,1.9924925524369699,-3.2321528019948746,0.0
2013-04-12,1.3825434727120889,-1.5506522796235758,2.0168662274414055,-3.230521625083843,0.0
2013-04-19,1.0754079576049724,-1.6223011016414737,2.0331127524623898,-3.225061883570295,0.0
2013-04-26,0.960719877832114,-1.5454151819215434,2.0464255195940146,-3.218417029632868,0.0
2013-05-03,0.7858820213982134,-1.69624524083731,2.0662171700276604,-3.2148702496274106,0.0
2013-05-10,1.0954889678596862,-1.8231285340084387,2.092374396437931,-3.213013401544014,0.0
2013-05-17,1.4276838754082664,-2.0242054091363766,2.1261474610561506,-3.214107374519624,0.0
2013-05-24,2.1365567299267347,-2.4758781478821237,2.179109283480404,-3.2201134775170237,0.0
2013-05-31,2.572490561406251,-2.874871229614209,2.2428478301680164,-3.2252707929415845,0.0
2013-06-07,2.617900077552819,-2.9714949916294544,2.3053363007731886,-3.226856882203888,0.0
2013-06-14,2.280636672515076,-3.140043711030039,2.354703666360584,-3.2192698262948345,0.0
2013-06-21,1.4289015043219702,-3.02672525411606,2.3812893201330185,-3.202367517821197,0.0
2013-06-28,0.3824127790772458,-2.7625128852788876,2.390187240172942,-3.185694198048025,0.0
2013-07-05,-0.34843426422793955,-2.9919432667194386,2.3917915420773084,-3.172150289946702,0.0
2013-07-12,-0.879056462068632,-2.9343561042502353,2.391164740765249,-3.1636031756802385,0.0
2013-07-19,-0.9857212287527262,-3.2010943771366693,2.390416313535894,-3.156455631303188,0.0
2013-07-26,-0.3822419395840666,-3.7929619798140317,2.3915676397163335,-3.142777275319128,0.0
2013-08-02,-0.06792681583739463,-3.8408015147416004,2.395455542948925,-3.129055382079284,0.0
2013-08-09,0.332954141967467,-4.149945699012373,2.403644836132251,-3.1145594126991427,0.0
2013-08-16,0.557133925083128,-3.889128937864788,2.4150625329766693,-3.101667841757217,0.0
2013-08-23,0.4079980813783714,-3.4396335204693913,2.424637762949309,-3.0922012080574324,0.0
2013-08-30,0.32759189075611733,-3.1965655382734566,2.4330010422887347,-3.084910893400448,0.0
2013-09-06,0.34103021037933107,-2.874641444253861,2.4407967894911597,-3.080430842024121,0.0
2013-09-13,0.7201177899064457,-2.659491589289791,2.4534669721877846,-3.0774730036658764,0.0
2013-09-20,0.9303079554041617,-2.4131257895418514,2.470276975049505,-3.0736221231908076,0.0
2013-09-27,1.1254229545390566,-2.231536845846439,2.490820580314263,-3.0694836537667247,0.0
2013-10-04,1.1468104489666473,-1.9664436048760492,2.5115484411490967,-3.065159436715804,0.0
2013-10-11,1.2364585792296983,-2.2410413806108918,2.5339034952845916,-3.059864440033012,0.0
2013-10-18,1.1007937035531836,-2.5063083468408323,2.5533173908375346,-3.053401366737641,0.0
2013-10-25,1.0430235147146976,-2.54461782372369,2.57139297699795,-3.046955992859466,0.0
2013-11-01,0.5642996008174033,-2.355842309274257,2.5816288086170114,-3.039137432194256,0.0
2013-11-08,-0.36311246287925436,-1.8336553275025063,2.5818693213038824,-3.03875527684359,0.0
2013-11-15,-0.5652785967306314,-1.4341276005379064,2.5780986513570916,-3.042844835770402,0.0
2013-11-22,-0.5512733995019726,-1.4049789539881385,2.5691232778059594,-3.047547777252578,0.0
2013-11-29,0.0983561658956793,-2.013910735539308,2.5592713437954493,-3.047398556095788,0.0
2013-12-06,0.8129029908270017,-2.3086536746146495,2.5539675450060093,-3.0459698844501304,0.0
2013-12-13,1.1538081203897173,-2.6079026937006597,2.553132608119806,-3.045683559425167,0.0
2013-12-20,1.0702481970202995,-2.891106021888972,2.552618370512056,-3.0455223464621244,0.0
2013-12-27,0.7830089015975843,-2.738914130978335,2.5515097425329847,-3.045290003997823,0.0
2014-01-03,0.4920276946192963,-3.031572619374322,2.551107020219453,-3.0452736102390565,0.0
2014-01-10,-0.08697269702541366,-3.0593887477905124,2.5457789692310424,-3.046583227785163,0.0
2014-01-17,-0.44061547874876794,-3.069976575075791,2.5409026466175932,-3.0499058959316754,0.0
2014-01-24,-0.5950792122532512,-3.2803251119117345,2.536143842579367,-3.0543765460783767,0.0
2014-01-31,-0.8096043731742488,-3.4275995391226473,2.532622350342332,-3.060333633248561,0.0
2014-02-07,-0.3418618863373411,-3.9953278577149987,2.533237291301632,-3.059413008574676,0.0
2014-02-14,0.2729309600647098,-4.222869265584377,2.5398924914680676,-3.0535861078710558,0.0
2014-02-21,0.48669425883193673,-4.241737971181978,2.549294447598707,-3.0463559061057888,0.0
2014-02-28,0.5326489186748431,-4.044708212876765,2.559265267852731,-3.038236718825421,0.0
2014-03-07,-0.011321976920021348,-3.693306813364865,2.5628067538016763,-3.0336076188628702,0.0
2014-03-14,-0.8185028111267233,-3.3569199558695155,2.5602365467475954,-3.0392573232075106,0.0
2014-03-21,-1.1513805838072018,-2.9628987538327793,2.5559227165890506,-3.0503652190939614,0.0
2014-03-28,-1.3075215662454234,-2.4635510712278545,2.5509798990531567,-3.0640862216522193,0.0
2014-04-04,-1.080878883470545,-1.8415864813905216,2.5465783889735367,-3.0739104624796743,0.0
2014-04-11,-0.5902386779187847,-1.327585046240079,2.544678930170721,-3.076763254034005,0.0
2014-04-18,-0.4385096173083107,-1.1537420330569752,2.543585402193665,-3.0781244063876465,0.0
2014-04-25,-0.30392987120449355,-1.0786555554169786,2.543758491138946,-3.077923850429716,0.0
2014-05-02,-0.499110522391597,-1.0287800236560152,2.541886750042444,-3.0802060089329277,0.0
2014-05-09,-1.0258842591222037,-1.2177060683253211,2.5377381761068185,-3.0889729967618753,0.0
2014-05-16,-1.4560473976162809,-1.0681930252509773,2.535709907248384,-3.1035494476321444,0.0
2014-05-23,-1.566251559339079,-1.4145473791676078,2.5340883929330045,-3.1199469244922313,0.0
2014-05-30,-1.3804168430120114,-1.9913484644101334,2.5341020532970817,-3.1297105734255353,0.0
2014-06-06,-1.0297004061417092,-2.4926024025204674,2.534105702059579,-3.1300966134226385,0.0
2014-06-13,-0.5155990511487907,-3.0905407613579157,2.534988795332306,-3.1222253447668917,0.0
2014-06-20,-0.48857262437588006,-3.1036356776620773,2.5350346560216663,-3.109485437966694,0.0
2014-06-27,-0.41368551708729795,-2.9760283758302357,2.535858569760654,-3.0980942367315105,0.0
2014-07-04,-0.25809755178063243,-2.9266901799522604,2.5368739922125583,-3.0829565374812056,0.0
2014-07-11,-0.28515394327940613,-3.057285542459302,2.5364970407375047,-3.0643991518756346,0.0
2014-07-18,0.14356550592676515,-3.3928327843474655,2.5405729304836218,-3.0471605887348883,0.0
2014-07-25,0.5073112375624977,-3.146363588340212,2.549096428193696,-3.0306855618549022,0.0
2014-08-01,0.8965126161927914,-2.517965514788825,2.564381634035678,-3.0206953611983334,0.0
2014-08-08,1.413154154047103,-1.8351033485112895,2.588464735323179,-3.020743296897804,0.0
2014-08-15,1.8090402978281357,-1.227232366152132,2.620669169260554,-3.0258123828894434,0.0
2014-08-22,2.3833158190566026,-1.5434243736836186,2.6681374709953882,-3.0385830743118154,0.0
2014-08-29,2.786146518820556,-1.8786197803891742,2.728540442059093,-3.0547583254207833,0.0
2014-09-05,3.2027266109096413,-1.9596282306385178,2.80090799219134,-3.0682824498543133,0.0
2014-09-12,3.401886807978964,-2.021052405660943,2.874224112799906,-3.0724926881306924,0.0
2014-09-19,3.2451511993035806,-1.5019007035923728,2.937683493513515,-3.0662861018631995,0.0
2014-09-26,3.1761555905606667,-1.4798693066578856,2.9957031910940235,-3.0542762483085286,0.0
2014-10-03,3.054660727873286,-1.658652541954521,3.049665566742425,-3.04153966481926,0.0
2014-10-10,2.9832421131117712,-1.7553586091092024,3.101579765534008,-3.029713073289229,0.0
2014-10-17,3.106510319368806,-1.7970088843490761,3.1521429380791215,-3.0109795942137954,0.0
2014-10-24,2.906754439675143,-1.533275814144336,3.1908169676962705,-2.979349512684977,0.0
2014-10-31,2.571560707575493,-1.179465905112564,3.2162363973123544,-2.937094937316149,0.0
2014-11-07,2.333045587774402,-0.6321872544024734,3.2309119809976066,-2.885008152210041,0.0
2014-11-14,2.4522498213957973,0.10924044940373756,3.254530049838574,-2.845746425249369,1.0
2014-11-21,2.796339787097845,0.5135686063343656,3.294555166171592,-2.826523660145365,1.0
2014-11-28,3.738070509135282,1.3860831748516347,3.365947976669069,-2.830314915946397,0.0
2014-12-05,5.334047556007258,3.0393318455365907,3.502958290210685,-2.883137413917417,0.0
2014-12-12,6.849081990432839,3.904321990878999,3.710679765270266,-2.9840841755083116,0.0
2014-12-19,8.306476507937385,5.347836589648631,3.9896242674640185,-3.1315402814245368,0.0
2014-12-26,9.714474899200441,6.152557328443443,4.338329130380805,-3.3261626262616906,0.0
2015-01-02,10.448052863962584,7.523205902309905,4.708339921392974,-3.5292647894650964,0.0
2015-01-09,10.970901680078837,8.494258765441401,5.085350311551968,-3.730622905889317,0.0
2015-01-16,10.877292507246153,9.843960368233132,5.43077899777642,-3.9003853866939413,0.0
2015-01-23,10.085212092053501,11.01034682221056,5.709432109789684,-4.012036179664846,0.0
2015-01-30,8.552794953279427,11.831456042186142,5.901363578696472,-4.059001234526834,0.0
2015-02-06,6.96890564083569,12.728343149543306,6.027244549604448,-4.06661284226687,0.0
2015-02-13,5.664964970216218,13.209631734507349,6.111737874475234,-4.057682385248424,1.0
2015-02-20,5.15385175125941,13.37509046312607,6.184111394826545,-4.0544031707175625,1.0
2015-02-27,5.510368814711196,13.170672210960976,6.265753691456026,-4.064158625051651,1.0
2015-03-06,5.675543066867644,13.292129367981993,6.3500269799912195,-4.0803667203709635,1.0
2015-03-13,5.911548717206282,13.455377816448577,6.438824395386311,-4.101941802953812,1.0
2015-03-20,6.018320508983022,13.714717008874526,6.5292196054814085,-4.124156126736601,1.0
2015-03-27,6.055143473596777,14.032046268131168,6.61992248298711,-4.143590491785887,1.0
2015-04-03,6.744944900359393,14.237516760627223,6.731053846892067,-4.168514293509142,0.0
2015-04-10,7.468473649609381,14.462242397690371,6.863270325383632,-4.196465507893152,0.0
2015-04-17,8.336670581470024,14.099337711279087,7.0225720616477645,-4.2358262423516475,0.0
2015-04-24,9.166310671827375,13.707943037601934,7.210510242291885,-4.294170571520347,0.0
2015-05-01,9.475317935672418,14.212850830746849,7.406943117768507,-4.362080065142078,0.0
2015-05-08,9.380443766877374,14.859961485227036,7.594783189593942,-4.430445716776456,0.0
2015-05-15,8.813253146767607,14.877644352252574,7.75602300115847,-4.4835331295117005,0.0
2015-05-22,8.508563471528262,14.882887331871975,7.90280224702645,-4.525422243595729,0.0
2015-05-29,7.792111950113548,14.640517826594339,8.022975410605088,-4.5456793377261775,1.0
2015-06-05,7.738843026451782,13.808758172583023,8.138812893320642,-4.559081226671925,1.0
2015-06-12,7.896403512158218,13.347540702125237,8.256637188408998,-4.569747360648289,1.0
2015-06-19,7.176453087395857,13.296534255818683,8.35083031722219,-4.564484946790824,1.0
2015-06-26,6.857078245484608,13.708411621905313,8.435322111365293,-4.5560757731836325,1.0
2015-07-03,5.624831243576715,15.203464722045062,8.489821759617346,-4.534492395941079,1.0
2015-07-10,4.554030855269977,16.78663800254812,8.523345158095784,-4.505041539780606,1.0
2015-07-17,4.238995320599821,17.390068339527975,8.55149686604246,-4.47513811430148,1.0
2015-07-24,4.1027865507348755,17.140922796558048,8.576261889689482,-4.440389560380888,1.0
2015-07-31,4.501140459175326,15.906162800606564,8.604872598648058,-4.399960046729804,1.0
2015-08-07,4.665732426447701,14.317132915609625,8.634259626373508,-4.355763060721991,1.0
2015-08-14,4.707969076486991,13.396510214556878,8.661414537791769,-4.305047548609192,1.0
2015-08-21,4.235704406981096,13.330614751014414,8.681319221168557,-4.254808260105832,1.0
2015-08-28,3.737248617523129,13.596615167503087,8.695115112372507,-4.207293350896105,1.0
2015-09-04,3.2563926913475347,14.38471510326685,8.70370561352055,-4.1624201353488886,1.0
2015-09-11,2.529146659104873,15.320226301335957,8.704910426917232,-4.118567726564276,1.0
2015-09-18,2.1780027344349393,15.964431237180996,8.702373569160372,-4.073617796069705,1.0
2015-09-25,1.907076306880355,16.362069463726534,8.697593782073316,-4.029147728126869,1.0
2015-10-02,1.468030960543783,16.2498337063965,8.689754693259214,-3.9855609616134187,1.0
2015-10-09,1.4936387914965006,15.794111194601914,8.68434252757814,-3.9483495061536775,1.0
2015-10-16,1.8172562111505424,14.828549589591193,8.680580735349182,-3.910025289148986,1.0
2015-10-23,2.2497872248974917,13.87276800666579,8.680524971196684,-3.873517207842738,1.0
2015-10-30,2.8461336107845274,13.062226531595448,8.685992445153405,-3.8388358189944944,1.0
2015-11-06,3.3386141384821926,12.451544408030289,8.695985008021697,-3.803304403411125,1.0
2015-11-13,3.377347801268378,12.651514937666938,8.70521485623275,-3.7644874252069878,1.0
2015-11-20,3.286808404407317,12.964839084334171,8.709162688769663,-3.713958115528819,1.0
2015-11-27,3.1463991659242385,13.287953570520063,8.70892563852766,-3.657638666096308,1.0
2015-12-04,2.783646468951145,13.651872995729907,8.697387493784944,-3.585642226543644,1.0
2015-12-11,2.5970783112309315,13.840881126979625,8.683235241616199,-3.5129758995113076,1.0
2015-12-18,2.558309191595181,14.044478118554194,8.674584041408867,-3.4534380039053056,1.0
2015-12-25,2.8209186181634873,14.064909748791383,8.67090788942991,-3.4004116757375917,1.0
2016-01-01,2.974461746004253,14.150539575620686,8.675569669895797,-3.367829010854863,1.0
2016-01-08,2.9648742955245213,14.16654734072637,8.682428518985574,-3.349071757230769,1.0
2016-01-15,2.4901636283295994,14.685207650197194,8.685981614854729,-3.3391843636200176,1.0
2016-01-22,1.6563574473915035,15.605349235329026,8.684174290190859,-3.3445120310081164,1.0
2016-01-29,0.9224310507751821,16.357837091092215,8.681275238060245,-3.3600358125759686,1.0
2016-02-05,0.5880642777664653,16.661005846401125,8.678911806772438,-3.3803082216144897,1.0
2016-02-19,0.8327217726700031,16.17778942043629,8.672698735601971,-3.4003010086441283,1.0
2016-02-26,1.2027511944728573,15.546546097075275,8.666651873677587,-3.414921524621342,1.0
2016-03-04,1.9820939099974615,14.586919545622536,8.65807087348862,-3.423269214583378,1.0
2016-03-11,2.3436892334634827,14.187704512145324,8.6487693350958,-3.4292492564604755,1.0
2016-03-18,2.55244298160972,14.1356782751944,8.644655773648996,-3.432295150472332,1.0
2016-03-25,2.9683380389901,13.786979613519604,8.644323679601932,-3.432492165661824,1.0
2016-04-01,3.0179328127259364,13.795918915447338,8.6493925966368,-3.4275508112132047,1.0
2016-04-08,3.230899846128518,13.536064076150492,8.658010796968496,-3.417565799328644,1.0
2016-04-15,3.305666638018465,13.420547759947231,8.668017787714636,-3.402917364878548,1.0
2016-04-22,3.024011174265963,13.801016780082456,8.675598666451041,-3.385516151093659,1.0
2016-04-29,2.6371241948809097,14.30856698787118,8.680233310797785,-3.368658432401315,1.0
2016-05-06,2.258847432382187,14.859822156625519,8.6824898481734,-3.352030797841239,1.0
2016-05-13,1.687116873372396,15.611306700146798,8.683044271053603,-3.345000247573844,1.0
2016-05-20,1.444379576693849,15.862664329216809,8.683062956361194,-3.3448048854290553,1.0
2016-05-27,1.340589520380209,15.90991922997799,8.681129444604307,-3.3530760814868668,1.0
2016-06-03,1.535861894311399,15.667791769550472,8.677180374831353,-3.362417122830514,1.0
2016-06-10,1.9660954451389334,15.077119944662508,8.674017187280912,-3.367610404926403,1.0
2016-06-17,2.1096602889625036,14.906631179245858,8.673256454895386,-3.369041677458218,1.0
2016-06-24,2.238363158966023,14.753141523595023,8.675596079260112,-3.361003588301866,1.0
2016-07-01,2.0721920262209865,14.984154109462407,8.676018348008283,-3.3397620205481946,1.0
2016-07-08,2.050052221096222,15.02712206069395,8.672561575000664,-3.3055554208056512,1.0
2016-07-15,2.424799500972947,14.71225900291701,8.666326719584713,-3.2569634376583974,1.0
2016-07-22,2.8491031553264294,14.401032464191214,8.661199250432794,-3.202671553325977,1.0
2016-07-29,3.1130780590775426,14.253515069301278,8.662658990768628,-3.159319498807175,1.0
2016-08-05,3.2613977990150183,14.414557330466764,8.667034033520455,-3.121010892650639,1.0
2016-08-12,3.195636472951861,14.792790196038663,8.672612471380578,-3.08988827498532,1.0
2016-08-19,3.256648414062541,14.904184887163087,8.679328250039795,-3.0619948935294152,1.0
2016-08-26,3.4938919733655536,14.754861459787579,8.687328572802121,-3.030432474086778,1.0
2016-09-02,3.6590789238569417,14.4951538305008,8.69625986241412,-2.9966523914795347,1.0
2016-09-09,3.7631546912619624,14.277929433107,8.705968363819888,-2.9624875021047563,1.0
2016-09-16,3.5405180586361675,14.647320209357744,8.714677986675923,-2.935038147156565,1.0
2016-09-23,3.416862656285187,14.721631553313795,8.72263382069853,-2.9111150747576193,1.0
2016-09-30,3.1867045803506566,14.992625525543,8.728926787330948,-2.8909813538796323,1.0
2016-10-14,3.023759288093489,15.16786984667919,8.733953706710665,-2.8719448266038765,1.0
2016-10-21,3.143524856665675,14.780765030776667,8.739838684920363,-2.853380237154141,1.0
2016-10-28,3.166392575328487,14.736570303135984,8.745568519167733,-2.8326280345838777,1.0
2016-11-04,3.4663877757384025,14.34876551510651,8.753432899114456,-2.8094236419533734,1.0
2016-11-11,3.755259292476893,14.004504537222804,8.762161333456143,-2.7772423366584005,1.0
2016-11-18,3.956217312741035,13.915612151147098,8.76643027753813,-2.7261352579760247,1.0
2016-11-25,4.238129272295964,13.751239762429059,8.771295479611,-2.6694183078818874,1.0
2016-12-02,4.397130103386856,13.781812042580073,8.777423100705889,-2.6121048584269193,1.0
2016-12-09,4.3648558502358075,14.014432030866242,8.788029097854556,-2.5680121416737904,1.0
2016-12-16,4.153228736232367,14.418153113737823,8.799752589081887,-2.536910943857463,1.0
2016-12-23,3.6655611306597686,15.11040255285019,8.807502041652643,-2.5124584347580887,1.0
2016-12-30,3.233351357549336,15.819836993132453,8.811470666651738,-2.48869496795553,1.0
2017-01-06,3.0359330465754764,16.017628973801965,8.812940930664574,-2.461281589084036,1.0
2017-01-13,2.9940162967188564,16.049024914462127,8.812451866029521,-2.4287157474989876,1.0
2017-01-20,3.2246583425612823,15.608588820730555,8.808785513959512,-2.3825925872291482,1.0
2017-01-27,3.420705634105954,15.089133658727816,8.802547587498799,-2.3268505439369638,1.0
2017-02-03,3.3822778734471974,15.045004677304567,8.793684882789655,-2.266996081718841,1.0
2017-02-10,3.52513589689897,14.767085270052313,8.78250854643075,-2.200246152153868,1.0
2017-02-17,3.5542585802498197,14.70791227799685,8.776316101825202,-2.144103445156177,1.0
2017-02-24,3.548819040777604,14.631100322872584,8.775351805766293,-2.1011405839599235,1.0
2017-03-03,3.6371690600921736,14.296995325606089,8.776298091635493,-2.061696167248864,1.0
2017-03-10,3.608698361283059,14.319254533860164,8.77699096091974,-2.022952505217622,1.0
2017-03-17,3.6297333350501457,14.356889642399828,8.77277680559581,-1.9720581535863841,1.0
2017-03-24,3.6806611922416286,14.484199966273707,8.758573885403646,-1.9001736436074443,1.0
2017-03-31,3.744717835484764,14.664915190576597,8.738782455627403,-1.8176117212761755,1.0
2017-04-07,3.803388550510493,14.658774971726567,8.71554737038168,-1.7288521473540936,1.0
2017-04-14,3.703576133804982,14.850492804262261,8.694003806834646,-1.6459694169189127,1.0
2017-04-21,3.4418229836851344,15.27099110421549,8.677184494066386,-1.5774570059249622,1.0
2017-04-28,3.20656554311841,15.676935667439892,8.660444480895883,-1.5139852599284742,1.0
2017-05-05,2.697941637506907,16.374946382664522,8.643225142346203,-1.4582803892158287,1.0
2017-05-12,2.5031782528967845,16.758592452551458,8.622426971706693,-1.3989913368418514,1.0
2017-05-19,2.5574014570668977,16.60032905964795,8.592382598094758,-1.323007402765954,1.0
2017-05-26,2.7881814916603673,16.20959016216884,8.553260339953773,-1.2294719537368057,1.0
2017-06-02,3.3230090059825166,15.320994927910544,8.511854821992973,-1.1253836080154747,1.0
2017-06-09,3.77550184737873,14.519259102088606,8.475029340809744,-1.022456605160568,1.0
2017-06-16,3.992639577444051,14.18070739040039,8.445109838991005,-0.9281481291932954,1.0
2017-06-23,4.12239345426275,14.076466743835079,8.424257772001797,-0.8478346198270152,1.0
2017-06-30,4.158291217551053,14.097408265748784,8.40285072898888,-0.7668523993534975,1.0
2017-07-07,3.9703518199819174,14.437774131388213,8.379992491953661,-0.6877885554327774,1.0
2017-07-14,4.036901931002649,14.461870981898128,8.359094478585611,-0.6118264461316052,1.0
2017-07-21,4.008861496619548,14.547934414150584,8.336296881510423,-0.5339773690577139,1.0
2017-07-28,3.871426111116731,14.925086608056747,8.318664229491377,-0.46855163235674446,1.0
2017-08-04,3.8390242444427196,15.05069965587382,8.305392751703842,-0.41256588525023297,1.0
2017-08-11,3.536426044364635,15.482557613891794,8.295060405840797,-0.3683884954362662,1.0
2017-08-18,3.3496645030741687,15.83085439995427,8.289112961514352,-0.33761399535306413,1.0
2017-08-25,3.408775327307669,15.801615431224635,8.286216418949405,-0.3142080293332503,1.0
2017-09-01,3.6510943660701907,15.585846111792186,8.286935092995366,-0.298673132263652,1.0
2017-09-08,4.010277058693429,15.155119531431229,8.290365608561817,-0.2864096665496847,1.0
2017-09-15,4.225202006095486,14.777359085897,8.29512724999559,-0.2780626490708169,1.0
2017-09-22,4.27806438234376,14.613570663579846,8.299839757532895,-0.2715421107829332,1.0
2017-09-29,4.072043340846006,14.903768765416148,8.303356431656624,-0.2644576036048356,1.0
2017-10-13,4.045342539361963,14.988970058034589,8.306773050011898,-0.25673079953957956,1.0
2017-10-20,4.06260072365975,15.091554423928663,8.310380336933086,-0.24741577882248134,1.0
2017-10-27,4.173319431265974,15.116188982041104,8.314727560708743,-0.23650560108333973,1.0
2017-11-03,4.32034633199324,14.861747708763511,8.320093299787038,-0.22630933999978353,1.0
2017-11-10,4.404999096302415,14.872884567083918,8.326114533482404,-0.213122308866593,1.0
2017-11-17,4.469982321405876,14.851362491683304,8.332062406129632,-0.19473144287496957,1.0
2017-11-24,4.327140704200706,15.099905640754008,8.335843622820535,-0.1729473375604087,1.0
2017-12-01,4.2236504555093495,15.286701192694007,8.339141218349408,-0.15353466854936304,1.0
2017-12-08,3.9748875133410797,15.60051811537154,8.341600696803091,-0.14088456076916156,1.0
2017-12-15,3.6404685655614584,16.033400243426716,8.341218984936868,-0.1417541558718316,1.0
2017-12-22,3.667458174861083,16.058411331844002,8.326413196611988,-0.1483148980744664,1.0
2017-12-29,3.6113474000038575,16.06394716506756,8.282890627768648,-0.14630174705713817,1.0
2018-01-05,3.692555640512264,15.858574392170551,8.197973056486072,-0.1205370074082186,1.0
2018-01-12,4.01544007972158,15.196095430431729,8.059612141932526,-0.055240641822350334,1.0
2018-01-19,4.112756865022364,14.692821879185349,7.8838379251317345,0.03931183140228489,1.0
2018-01-26,4.456376770609843,14.058877291458627,7.676882709539887,0.1627474968727345,1.0
2018-02-02,4.472883195289736,13.466225967088455,7.46588620364146,0.29163619107941186,1.0
2018-02-09,4.152691525656345,13.642296822675274,7.2859484355795106,0.3955160031619105,1.0
2018-02-16,4.077754439359994,13.249884884510847,7.172798551684343,0.4512935727760601,1.0
2018-02-23,3.9015685036222663,12.630572069717546,7.114450280129164,0.4703170092387592,1.0
2018-03-02,4.026601439389013,11.638240000040794,7.0904469379605395,0.47331569075575297,1.0
2018-03-09,4.5362639548346175,11.402482274501214,7.081353075424588,0.4744917610298467,1.0
2018-03-16,4.454800619982988,11.226868368618526,7.064609864629814,0.47770204625118495,1.0
2018-03-23,4.015465856783104,11.487971106167134,7.039894112928305,0.4811347567977622,1.0
2018-03-30,3.655400515904604,11.559014171171125,7.007089976302508,0.48501391648379366,1.0
2018-04-06,2.8585678563075945,12.185567456663472,6.969221132307348,0.4823731110856797,1.0
2018-04-13,2.586203813845624,12.409004931606757,6.930215058284662,0.47690559972694224,1.0
2018-04-20,2.642514437127998,12.598870897173647,6.870828074454416,0.48369732120806663,1.0
2018-04-27,2.4459666634668062,12.418569564954346,6.785590724487571,0.5045435559679556,1.0
2018-05-04,2.5674337220645063,11.816844735766974,6.66084126428102,0.5553284410539221,1.0
2018-05-11,2.663897059498319,11.423404604550768,6.488400696228839,0.6444047320249613,1.0
2018-05-18,2.8914559541121774,10.647330144081161,6.288546169043823,0.7598507722668977,1.0
2018-05-25,3.1763474883639367,10.194901952137279,6.083144735137861,0.8857125102944834,1.0
2018-06-01,3.1360910081805864,10.375632585837526,5.901262085062844,0.9948110303876163,1.0
2018-06-08,2.9847242745448055,10.494609327603792,5.727347998967394,1.0979066652396874,1.0
2018-06-15,2.5246046515069303,10.217553830757122,5.587645433459246,1.170077085893905,1.0
2018-06-22,1.968162980142012,10.112632400298203,5.447578422034572,1.236161019801786,1.0
2018-06-29,1.7158536028954838,10.471104576081597,5.292375707001643,1.3121259154851932,1.0
2018-07-06,1.1677234538116683,11.004017215073409,5.183333138732569,1.3441334884519056,1.0
2018-07-13,1.0009777452637776,11.377062977110523,5.091161991839228,1.361226423803954,1.0
2018-07-20,0.9485166860945657,11.8907746339058,5.056295795965433,1.3361398689407997,1.0
2018-07-27,1.1090523208376108,11.65729011951085,5.051038512846304,1.297230760592845,1.0
2018-08-03,1.4877105817435237,11.223629586455573,5.0447904175639975,1.2682059746077643,1.0
2018-08-10,1.8110277234351515,10.73381287991267,5.036111307638295,1.2475035611065475,1.0
2018-08-17,1.6811306186347954,10.515540818773562,5.0196330986649365,1.227827797765284,1.0
2018-08-24,1.521393460757921,10.529261575119795,5.0003367108992975,1.206812147509258,1.0
2018-08-31,1.600536924865582,10.302148871175538,4.977851858116214,1.1894581265536057,1.0
2018-09-07,1.3317137582964365,10.426931351445852,4.970700605927869,1.1593787293998408,1.0
2018-09-14,1.3610763271675652,10.143180998545438,4.971754035999388,1.1278615520160697,1.0
2018-09-21,1.4192711025072589,9.97176046023698,4.9773168119998275,1.0987459351330628,1.0
2018-09-28,1.418554007616445,10.077844059402182,4.985809578364653,1.0760148014414632,1.0
2018-10-12,1.4665801729035433,9.528300249102225,4.992545806631689,1.06015777110351,1.0
2018-10-19,1.499269286772951,9.080314440713327,4.996994292995623,1.0504809896099947,1.0
2018-10-26,1.4069060652401564,8.95762849358142,4.997869962802736,1.0488216672989898,1.0
2018-11-02,1.3157183765008087,8.939632236305275,5.000488539407819,1.0439220597324226,1.0
2018-11-09,1.304247613542204,9.785888766954415,5.006945254368147,1.0308883114694234,1.0
2018-11-16,1.4040564188420144,11.110054500341274,5.014537710606608,1.0124531525892264,1.0
2018-11-23,1.427235851368536,11.935901384124998,5.021340441077553,0.9874594252026911,1.0
2018-11-30,1.4637207136960868,12.47260825973375,5.023598145077836,0.961164626012843,1.0
2018-12-07,1.6206426776535432,12.246059581743525,5.023194321235988,0.9390465892955264,1.0
2018-12-14,1.5669337278152133,11.24964378252398,5.024061490410818,0.9161297447797718,1.0
2018-12-21,1.425391705888117,10.872524807819108,5.027652586763534,0.8904744502214648,1.0
2018-12-28,1.0707573643530846,10.706447411005357,5.038489963497584,0.8576769567617997,1.0
2019-01-04,0.7424018560457644,10.77214540200969,5.055534036479102,0.8168549805086767,1.0
2019-01-11,0.7641319404146116,11.309767631162645,5.071582643338029,0.7778041011987158,1.0
2019-01-18,1.1591187125587348,11.07666489036516,5.079414691480741,0.7486669260610714,1.0
2019-01-25,1.8939637312478694,10.738543364165567,5.078613975296404,0.7356151035946854,1.0
2019-02-01,2.511686639523644,10.157213806940721,5.076610215289236,0.7318087654479952,1.0
2019-02-15,3.176564638751086,9.633582129556064,5.080414534317105,0.7368044593742487,1.0
2019-02-22,3.7884015766144947,9.69897114982877,5.089184895559997,0.7553679972239595,1.0
2019-03-01,4.600039364438712,9.970945138988277,5.105176518912929,0.7865251984051747,1.0
2019-03-08,5.056462814651353,11.361330882709233,5.1264427984148515,0.8225460796325454,1.0
2019-03-15,5.436324529010411,12.380494629724193,5.163958303650386,0.8440511225552219,0.0
2019-03-22,5.871024200342648,13.32181491555245,5.222579560751953,0.8452795193750631,0.0
2019-03-29,6.339903932212818,13.968394130103379,5.30698046694893,0.8167479724372559,0.0
2019-04-05,7.360710822956207,13.426812898821282,5.439227830153672,0.7488213988413968,0.0
2019-04-12,7.685628342879719,12.99383950105784,5.582967679190344,0.6708916185389544,0.0
2019-04-19,7.983031015568304,12.008454644146436,5.735094192337025,0.5830560409894301,0.0
2019-04-26,7.699944027864613,11.206894779071684,5.865624899620977,0.512551118514947,0.0
2019-05-03,6.983627554292798,10.693580064142349,5.957784169078137,0.4685037427522025,0.0
2019-05-10,6.443251536376689,10.308905567339176,6.02618605987988,0.44032729936530846,0.0
2019-05-17,5.358623926775958,10.431994794561671,6.061582329365315,0.43486196260435994,1.0
2019-05-24,4.628515911083935,10.461199646222495,6.08124793608228,0.4407270189156387,1.0
2019-05-31,3.7921059712853484,10.827874797294957,6.087701358056156,0.4539307576969316,1.0
2019-06-07,3.3722027727637096,10.991811878763603,6.0869544291700155,0.4762813519598845,1.0
2019-06-14,3.5238256874390403,10.880143862123502,6.0848586852253135,0.5050366614269608,1.0
2019-06-21,4.108664581597411,10.662377221442418,6.0877332090836624,0.537650279379088,1.0
2019-06-28,4.818317513316284,10.330221324546367,6.1043105838065035,0.5631556690024637,1.0
2019-07-05,5.434122969582752,10.270177627689115,6.137993782376016,0.5739343617719732,1.0
2019-07-12,5.7030059477243835,10.318481470188683,6.17893162443613,0.5790650537985513,1.0
2019-07-19,5.374668001723636,10.52196836670662,6.2110777940284905,0.5871279206518007,1.0
2019-07-26,5.1995065598864025,10.713593294457903,6.237624218085793,0.6006752726671332,1.0
2019-08-02,4.658024835314173,10.498756252771095,6.252587047925298,0.6191479891637539,1.0
2019-08-09,4.055383262816731,10.314341482493749,6.260035087887257,0.6326048692254349,1.0
2019-08-16,3.8667310746725683,10.280259041621667,6.265702677617368,0.639983791281812,1.0
2019-08-23,3.6466940834999257,10.051689215527205,6.26875772464029,0.6437699753412285,1.0
2019-08-30,3.594887901838039,10.007458657483923,6.270806159628113,0.6459970544921623,1.0
2019-09-06,4.134209394833006,9.702985790289297,6.278574820070899,0.6502613802273411,1.0
2019-09-13,4.429278750368591,9.336866234265159,6.290118991298414,0.6537509312601579,1.0
2019-09-20,4.482377629282485,9.063824211051713,6.301095417420505,0.6554473981626425,1.0
2019-09-27,4.509199619058052,8.961215763586594,6.31122856853151,0.656213230323448,1.0
2019-10-04,3.9026815566934627,9.124825801072278,6.31256705281022,0.6566635520118091,1.0
2019-10-11,3.449083910212804,9.469991131796984,6.31197219319258,0.6560861789573531,1.0
2019-10-18,3.086830246731096,9.956325910491017,6.310552598194867,0.6532745892171934,1.0
2019-10-25,3.009014413373466,10.190992311292936,6.310035163447921,0.6515139449003304,1.0
2019-11-01,3.119225189819004,10.68429993069221,6.310290444541054,0.65248258562419,1.0
2019-11-08,3.3126677094316452,10.958876543475203,6.31098300512121,0.6539585231564184,1.0
2019-11-15,3.604137823981057,11.055311623633884,6.313395209123626,0.657158437726471,1.0
2019-11-22,3.5386769333100867,11.047173037487536,6.31386983065917,0.6576106002623585,1.0
2019-11-29,3.4375793715252123,10.399428653893036,6.311509613806532,0.6558979976156163,1.0
2019-12-06,3.2973727825840444,9.790212464893756,6.306413070846428,0.6525478158301175,1.0
2019-12-13,3.2620002267179307,9.40523456412685,6.297715760215475,0.6487306515177615,1.0
2019-12-20,3.491462416673962,9.275155147117474,6.287985423033292,0.6468498645113208,1.0
2019-12-27,3.933306852880518,9.573472046152297,6.282520845928782,0.6467817621625569,1.0
2020-01-03,4.330630856593114,9.900151362570778,6.284919656915262,0.6466573373345463,1.0
2020-01-10,4.665993682584741,9.93596092405885,6.297706616419187,0.6466964361886358,1.0
2020-01-17,4.8796109911397805,9.755263866274047,6.31695204773712,0.6485568976090419,1.0
2020-01-24,4.668214703465512,9.265398755582124,6.332821507101254,0.6536141261537529,1.0
2020-02-07,4.114314255578769,8.599601166848048,6.340586811800917,0.660211615798449,1.0
2020-02-14,3.705512516260377,8.243476415933428,6.343508181685763,0.6634550430123096,1.0
2020-02-21,3.5910508632034586,7.99764495044252,6.3446030028682205,0.6645441350234091,1.0
2020-02-28,3.5987808337616456,8.086046495257785,6.345961847963107,0.6659609689069135,1.0
2020-03-06,4.430090040184467,8.433347871556972,6.355614818541941,0.6679099745240467,1.0
2020-03-13,4.5241470126548915,8.489078875745385,6.36644307479411,0.6695161853539942,1.0
2020-03-20,3.969201744609312,8.505004262792928,6.370050541564681,0.6712982404274195,1.0
2020-03-27,3.990683646030721,8.598974154951282,6.3732517955641175,0.6726292247092447,1.0
2020-04-03,3.238917494362428,8.727015402509043,6.371209310597951,0.6699309293302753,1.0
2020-04-10,3.2390460634232436,9.119585527524226,6.369005266629112,0.6671261621244122,1.0
2020-04-17,3.7883220104221955,9.813244127306247,6.369905970876248,0.6676057247770251,1.0
2020-04-24,3.744977430447383,10.009977871823146,6.369908166182663,0.6676068576111578,1.0
2020-05-01,3.9968438941559916,10.14737273363608,6.371814864171975,0.6681803563352484,1.0
2020-05-08,3.9799382014189697,10.120104815434175,6.374388755395783,0.6691495685423905,1.0
2020-05-15,3.673630452303795,9.689285441932032,6.375948547015888,0.6705616675456016,1.0
2020-05-22,3.5136304356031522,9.661821052606491,6.37746092106311,0.6729860228892077,1.0
2020-05-29,3.213648148467543,9.412028115598371,6.3781008169019024,0.6789577489858081,1.0
2020-06-05,3.072897324693696,9.386193404184835,6.3779202811599465,0.6864423753918287,1.0
2020-06-12,3.2618222626481206,9.65556894087055,6.378441595124501,0.6949520973962628,1.0
2020-06-19,3.7618342071983317,9.678027479065609,6.382340563386336,0.7035358562567113,1.0
2020-06-26,4.24739586188863,9.934467936501498,6.390275892038333,0.7074516411419722,1.0
2020-07-03,5.000150788485352,10.143169873462334,6.407398848777634,0.7060293118527565,1.0
2020-07-10,5.9437473373242184,10.04132902195389,6.44461909684269,0.6938232658374459,1.0
2020-07-17,6.371451485610274,10.156758271982557,6.49255978401691,0.674716655988195,1.0
2020-07-24,6.567336175498815,10.077570571506197,6.545618341277798,0.6525432904958666,0.0
2020-07-31,6.759368126940313,9.527750052957435,6.606102673783123,0.6278155773105225,0.0
2020-08-07,6.749886423168496,9.118029288730552,6.664615204949513,0.6040848986077965,0.0
2020-08-14,6.84943556045051,8.75174053655098,6.725718145740444,0.5793995740198272,0.0
2020-08-21,7.130756894683125,8.585764257793844,6.796514175171337,0.5503898366859383,0.0
2020-08-28,7.0046901694608055,9.03950766882106,6.8619508610209845,0.5255386114134466,0.0
2020-09-04,6.582781840118786,9.468661247349237,6.914952002117308,0.5115933138524325,1.0
2020-09-11,6.141956953801708,9.939881746692006,6.955806593674765,0.5065373434581475,1.0
2020-09-18,5.959058869683933,10.333792153260717,6.9913756765060935,0.503664203477797,1.0
2020-09-25,5.411369304639976,10.225335151703387,7.013537222699023,0.5040702847024283,1.0
2020-10-02,5.1876095811538185,10.353317489747209,7.028882319771007,0.5038191943286536,1.0
2020-10-09,5.313609016302757,10.274356861862694,7.0444534759788615,0.5022019741491004,1.0
2020-10-16,5.248854225506391,10.308188125887181,7.058227085288378,0.5008743884698723,1.0
2020-10-23,5.531052601691551,10.723353149515832,7.079241736719068,0.49856498397310034,1.0
2020-10-30,5.3666284253233405,10.921157389339102,7.097157773067181,0.49758851026551776,1.0
2020-11-06,5.11773733206425,11.361242748344802,7.110429179337196,0.49784449641094364,1.0
2020-11-13,4.909041686120342,11.300153859578879,7.119361590924873,0.49834442142396584,1.0
2020-11-20,4.955252941806915,11.052891256945136,7.127521609037654,0.49832423164212836,1.0
2020-11-27,5.440919011985538,10.921664224874048,7.143076191979981,0.49605067325984153,1.0
2020-12-04,5.774603377758906,10.486603226721378,7.164567686051886,0.4912850901668211,1.0
2020-12-11,5.980353434452562,10.523456538682408,7.19200738830466,0.48504042291727734,1.0
2020-12-18,5.9877868341643214,10.688338494993557,7.220398819632225,0.4792661246493899,1.0
2020-12-25,5.861197439337727,10.66294217464038,7.247795967064038,0.476052437807279,1.0
2021-01-01,5.869005535862677,10.898927916274383,7.277091713808831,0.47532767786121877,1.0
2021-01-08,6.220854718099155,11.36853496160691,7.3139315560809735,0.4712236887075134,1.0
2021-01-15,6.4521021290941585,11.68972241388357,7.35627000296824,0.4653051742444809,1.0
2021-01-22,6.789459650865275,11.868590652503652,7.406612084338725,0.45466699044262393,1.0
2021-01-29,6.605860144723994,11.758882759182635,7.449498535055462,0.4449910533797645,1.0
2021-02-05,6.282956289358687,11.378751979683168,7.483241441496489,0.4390712164815116,1.0
2021-02-12,6.577336323689094,11.014572618837947,7.520826128150166,0.42867831896987596,1.0
2021-02-19,6.488432955389435,10.72906472244502,7.555672560325679,0.4196722683341023,1.0
2021-02-26,6.537806246838189,10.310142560328158,7.594173843070504,0.4117493794505829,1.0
2021-03-05,6.177408487293441,9.362919987488834,7.624460594514778,0.40838126964648325,1.0
2021-03-12,4.813986991008495,8.334161903153872,7.632517385538991,0.4120221515374749,1.0
2021-03-19,3.5467153627649686,7.563414862967573,7.630244040112606,0.4081431113661167,1.0
2021-03-26,3.0629657402149064,7.241162985524274,7.623061328963129,0.39643738386662397,1.0
2021-04-02,3.0233977332439594,7.801408499644843,7.616604641679686,0.3845427520893083,1.0
2021-04-09,3.402534109376824,7.931429689292999,7.613942206803338,0.3793470876399372,1.0
2021-04-16,3.8622484131448216,8.060064620993238,7.614916210504433,0.38102498005730645,1.0
2021-04-23,3.9940520749324397,8.255686749043896,7.617531134421082,0.392967546123026,1.0
2021-04-30,3.7433326212422537,8.097630069554606,7.617963269388298,0.40737039586602286,1.0
2021-05-07,3.4385884098514397,8.302144666687687,7.617508137146251,0.41803160468144895,1.0
2021-05-14,3.5190208111941876,8.561236151493123,7.616387271239933,0.43290957504580874,1.0
2021-05-21,3.3695212864458566,8.592249665418588,7.6154221847178025,0.4441578354702642,1.0
2021-05-28,3.7018493034110196,8.91135109743261,7.615718486790776,0.4571686134474544,1.0
2021-06-04,4.019106611575198,9.30432930470806,7.618189432529782,0.46915472741951225,1.0
2021-06-11,4.029741149587405,9.233699426812414,7.620927243597226,0.47735786072672814,1.0
2021-06-18,3.896772573625061,9.0794866764444,7.622861022980736,0.4851764091053261,1.0
2021-06-25,3.5208133956430587,8.66080440801086,7.62318344052724,0.4917269290088031,1.0
2021-07-02,3.1515649473920613,8.128847954071354,7.621656047970916,0.5012922740764729,1.0
2021-07-09,2.7773541826412087,7.794404921973755,7.616908886332221,0.5164136819010556,1.0
2021-07-16,2.7392941481335846,7.636136450702601,7.609736911782777,0.5367066890817562,1.0
2021-07-23,2.493558854982613,7.464685175235766,7.5964309846358535,0.5670105059872821,1.0
2021-07-30,2.292991299962462,7.112682818600693,7.581500066862274,0.5985057001031522,1.0
2021-08-06,2.3825361273296304,6.947472967555142,7.564850725965432,0.6335399056312112,1.0
2021-08-13,2.3277381907535744,6.75575731012659,7.550954211597419,0.6630605978186628,1.0
2021-08-20,2.2833596434934167,6.624544261259933,7.542769235726983,0.6814462026858923,1.0
2021-08-27,2.7144920932659833,6.484626063655152,7.535949412938727,0.699848902010439,1.0
2021-09-03,2.8309918794216973,6.287421567364309,7.527086205758074,0.723453920226822,1.0
2021-09-10,3.140579598971505,6.202367271571433,7.515289897249794,0.7560090253788654,1.0
2021-09-17,3.5673248936910893,6.1623500152233035,7.504417393862498,0.7920967591357186,1.0
2021-09-24,3.534322003210457,6.5395088914147355,7.489239141546019,0.8355135786946857,1.0
2021-10-01,3.7005166967049794,7.182077086500747,7.474356997703574,0.8803885477876117,1.0
2021-10-08,3.673627884690678,8.011086510409829,7.459774203127052,0.9238733523921248,1.0
2021-10-15,3.808473262649586,8.846835250274342,7.445024175549104,0.9692633704192151,1.0
2021-10-22,4.024383681471469,9.587354094461396,7.431315652941338,1.0157642457009306,1.0
2021-10-29,3.9192983284246656,9.767602957995402,7.41705836730098,1.061047544695798,1.0
2021-11-05,3.496853835761597,9.728601960644331,7.3998643242765,1.1050357899064491,1.0
2021-11-12,3.048477258373428,10.195283215562492,7.381339174882918,1.1457757967599385,1.0
2021-11-19,2.564705792164942,10.899562696288116,7.3649817139136085,1.1782929779679998,1.0
2021-11-26,2.2443266191081723,11.298047081783094,7.353144599402771,1.200902787354042,1.0
2021-12-03,2.4401682323497527,11.833338311854055,7.339632087595304,1.2274016117381938,1.0
2021-12-10,2.815965320525873,11.651480201576348,7.323673802534566,1.260696366117262,1.0
2021-12-17,3.0302895373387218,11.50740648101233,7.308962060384833,1.293480503903985,1.0
2021-12-24,3.2761346160638047,11.250057956319152,7.292144358893687,1.3322110372957532,1.0
2021-12-31,3.3593341766945333,10.987319382371252,7.2721082449625225,1.3770412854680258,1.0
2022-01-07,2.815990226383263,11.181980912106365,7.246596987754494,1.4249273229584922,1.0
2022-01-14,2.4426973937549494,11.19453797971656,7.21576318374675,1.4775597877060966,1.0
2022-01-21,2.3147814366542607,11.06050616531096,7.186208638858533,1.526994454340977,1.0
2022-01-28,1.9892676652150212,10.727502569812973,7.170364952231788,1.553481076258187,1.0
2022-02-11,2.147066168999459,10.403897044932213,7.166534742393971,1.5605561891441018,1.0
2022-02-18,2.5627419580405855,10.241379425371528,7.16600333717452,1.5617421497291533,1.0
2022-02-25,2.462906749045023,10.45860565105205,7.171544141859658,1.54705188491958,1.0
2022-03-04,2.430509496874431,10.914480482453223,7.178316718238335,1.5228704357237213,1.0
2022-03-11,2.029706504573634,11.206716345840695,7.185840490191259,1.482393678387913,1.0
2022-03-18,1.161529253902013,11.51248709519727,7.203299080377559,1.4150000425509797,1.0
2022-03-25,0.5809667066367603,11.645349351240965,7.2272807582809,1.328770187437721,1.0
2022-04-01,0.5112387893608799,11.49524192896726,7.242672111982667,1.2446636361592627,1.0
2022-04-08,0.73627502984094,11.326975620036663,7.239726563205597,1.1757677887520797,1.0
2022-04-15,1.1908766183849866,11.182938122776392,7.1955609600403605,1.1408329533971728,1.0
2022-04-22,1.561428585342298,10.844955074263387,7.131405530411179,1.1264730015194622,1.0
2022-04-29,1.462315583254977,10.57569233608535,7.0549583333397194,1.119321282792035,1.0
2022-05-06,1.0854628308687784,10.210390308330815,6.993703857564528,1.0957747175800994,1.0
2022-05-13,0.9899779567406282,10.316208307310937,6.957313534071066,1.0553233795664814,1.0
2022-05-20,1.2666135002372578,10.949063730994622,6.93022575155226,1.0160440077758102,1.0
2022-05-27,1.387581627784542,9.912944480101164,6.925053925342351,0.970305035280699,1.0
2022-06-03,1.9091044557615087,8.912667392734932,6.923376002349178,0.9371187088466622,1.0
2022-06-10,2.4192343481018503,8.501819295931032,6.9242680875305105,0.918625705419386,1.0
2022-06-17,2.665390665635444,8.492093450150339,6.9252015586758775,0.9086305405928883,1.0
2022-06-24,3.427226133423289,8.441069608422096,6.9249478210731485,0.9076458223749029,1.0
2022-07-01,4.045611619668001,8.653915125060335,6.9244565368319,0.9073287353093642,1.0
2022-07-08,4.174557927093358,8.88190512181873,6.917111014182705,0.9064209299300594,1.0
2022-07-15,4.048266734130116,9.113147428079026,6.898287703840602,0.9074768526381551,1.0
2022-07-22,3.3811806037998404,9.345721395878465,6.87044095127297,0.9055566136170112,1.0
2022-07-29,2.3686895539641744,9.43335988496692,6.851345743069974,0.8861136365923215,1.0
2022-08-05,1.6049204720414683,9.591221417075516,6.842421093325015,0.8489538493136273,1.0
2022-08-12,1.2561629116996433,9.518449534137005,6.846217048348009,0.8015442798853178,1.0
2022-08-19,1.1182692352014605,9.530579449497118,6.858021879425244,0.7520841407617338,1.0
2022-08-26,1.3335123155240003,9.622055099270415,6.867304030225952,0.7103248263821977,1.0
2022-09-02,1.4803642298161879,9.65664892474358,6.875463416047442,0.674391980898096,1.0
2022-09-09,1.5873957913548586,9.971201862366957,6.88220500078164,0.6419133178243706,1.0
2022-09-16,1.7063395648637172,10.308231409145211,6.883344389597294,0.6096473927270578,1.0
2022-09-23,1.7142577532833576,10.443140198050424,6.880781735500429,0.5774020853228308,1.0
2022-09-30,1.7252426762689035,10.623118809198896,6.87699392735917,0.545842009451095,1.0
2022-10-14,1.5473481473666684,10.648964186108367,6.87423186198921,0.5106316200557819,1.0
2022-10-21,1.2521651741980067,10.274981345584093,6.880940267407504,0.4699422353747247,1.0
2022-10-28,0.8871463652275209,9.861532159185549,6.895289645228078,0.4227475044133149,1.0
2022-11-04,1.0607878853325274,8.956630619049077,6.907708090848629,0.38435415672355155,1.0
2022-11-11,1.4459808973443782,8.414227099029894,6.91512274843776,0.3569006079032775,1.0
2022-11-18,2.191658692334517,8.034414706041797,6.916305424455594,0.34382605371256547,1.0
2022-11-25,3.212206828818451,7.886008100380707,6.915951202482763,0.3428923156775352,1.0
2022-12-02,3.6548847216949345,8.47332659866368,6.9162764739661,0.3432176454469409,1.0
2022-12-09,4.105496565954198,8.898664123807917,6.920757798638677,0.34600323914159503,1.0
2022-12-16,4.219732126692265,9.55342849093084,6.92695498822186,0.3498336489836307,1.0
2022-12-23,4.051690335638361,10.159765434877944,6.931989950157023,0.35446942490813926,1.0
2022-12-30,3.9243600142804937,10.42351078956823,6.935964671190783,0.3589864960226179,1.0
2023-01-06,3.6136857130790987,10.44560742562684,6.936656752196308,0.3598613803556172,1.0
2023-01-13,3.6641514523311667,10.194755799582255,6.934611727616545,0.3584556946719277,1.0
2023-01-20,4.03341920415319,9.584879210326402,6.9314549435964805,0.3578020728914826,1.0
2023-02-03,4.249202433459744,9.092336272740505,6.926117367793871,0.35779617114120477,1.0
2023-02-10,4.286148971188273,8.86469566992846,6.917913464424436,0.35839158707536445,1.0
2023-02-17,3.8261182978229837,8.808430901364693,6.90845972539846,0.35704921833669356,1.0
2023-02-24,3.0956521541239255,9.05337784747734,6.90212650136953,0.3503226718341508,1.0
2023-03-03,2.9233586490355865,9.282757235942999,6.899017796045201,0.3434037634761111,1.0
2023-03-10,2.779434194000414,9.413873342099592,6.896583139124397,0.33543307848405624,1.0
2023-03-17,3.00211973942342,9.456067038588085,6.89423018451179,0.3301365318871978,1.0
2023-03-24,3.3690786318755266,9.479786063829676,6.8850018780948865,0.32576212794116755,1.0
2023-03-31,3.351456315931454,9.515510801541117,6.874381046345819,0.3213484635783952,1.0
2023-04-07,3.791292499803006,9.416213623469,6.872844092209273,0.32060452996101496,1.0
2023-04-14,4.142647877215605,9.302345206740716,6.874380130984458,0.3210167505599957,1.0
2023-04-21,4.272903366008231,9.417579865415304,6.8822694070152854,0.32638370365283187,1.0
2023-04-28,4.290027500473326,9.682193214321595,6.890303938179541,0.33182329347639783,1.0
2023-05-05,3.887204033099949,10.315963968738831,6.89111395576967,0.332280994125727,1.0
2023-05-12,3.398413695824917,10.923395780107514,6.888998455018255,0.3299533700742896,1.0
2023-05-19,3.189375190741523,10.999030090978145,6.883909919148572,0.32468974307968423,1.0
2023-05-26,2.958201670635694,10.87555741360984,6.878421046472556,0.31707942946360657,1.0
2023-06-02,2.7809334714777982,10.420099972370375,6.875279004755791,0.30877663809285805,1.0
2023-06-09,2.883734957858873,9.956876890451172,6.873178096954424,0.3028019628462233,1.0
2023-06-16,2.981263274195857,9.790748809662695,6.8725824272159795,0.3004183393247746,1.0
2023-06-23,3.1687196150900063,9.765229029283365,6.872845981658559,0.30138327578471236,1.0
2023-06-30,3.3604568129019547,9.94598801978552,6.873264208694923,0.3022295942644213,1.0
2023-07-07,3.3062978456076486,10.1476686613036,6.87053094772114,0.2991226454742213,1.0
2023-07-14,3.1266893733271632,10.321069552712425,6.862415457010433,0.29287010428029303,1.0
2023-07-21,2.8300972689251847,10.427766040990992,6.842627374759554,0.28483698756245346,1.0
2023-07-28,3.101799083784347,10.328713758269949,6.802682706943899,0.28834642135836663,1.0
2023-08-04,3.5653878413020648,10.086929684287728,6.752703513698373,0.3023504396768639,1.0
2023-08-11,3.7569749073198704,9.96550192472249,6.697513218598197,0.32151046210807976,1.0
2023-08-18,4.029144395218829,9.839440300038495,6.63788569767968,0.3461351146711933,1.0
2023-08-25,3.391823465030371,10.031870480381748,6.572261522382261,0.36870720076171315,1.0
2023-09-01,2.759075129576792,10.317961188933815,6.499861301192292,0.38866690360714706,1.0
2023-09-08,2.3747672686774197,10.449336621011778,6.415732158001112,0.41182182082389396,1.0
2023-09-15,2.070132781524643,10.498083649662698,6.33536918296284,0.42892123960657536,1.0
2023-09-22,2.3355884337634167,10.142707754611116,6.267384180960051,0.44245504409198677,1.0
2023-09-29,2.2040048831114007,10.265280859424147,6.213010210874932,0.4463424491682568,1.0
2023-10-13,2.0697428971591156,10.245504651215866,6.163706352681266,0.44578328207314133,1.0
2023-10-20,1.82941834630009,10.30500423887744,6.130148564353268,0.43341862221729643,1.0
2023-10-27,1.4456434220626628,10.552655243641048,6.104573285374202,0.41101997607980856,1.0
2023-11-03,1.5033383954964883,10.61758569969226,6.074516591504453,0.39222704660588814,1.0
2023-11-10,1.831099392559553,10.228335520760272,6.042732473689128,0.3801937947680467,1.0
2023-11-17,2.2593822534725594,9.74865317212922,6.000981300178856,0.38000047663448555,1.0
2023-11-24,2.4451724383295534,9.470852377259579,5.962743999918876,0.38078321295864814,1.0
2023-12-01,2.187730899766497,9.325469886924926,5.930645293483531,0.37531773436453486,1.0
2023-12-08,1.5264433477064745,9.641363137007959,5.9065850100479,0.35601137243588665,1.0
2023-12-15,0.7926720091331607,10.120201203325566,5.889329925268806,0.3199000350012149,1.0
2023-12-22,0.2801309701339856,10.544417362700445,5.867109514593769,0.27595649642174447,1.0
2023-12-29,0.4546584633417641,10.82861864711017,5.8300518630303895,0.24480972600541717,1.0
2024-01-05,0.8194496252025016,11.02665913972554,5.778834565987173,0.22986158959670844,1.0
2024-01-12,1.3088443670076522,11.199099463215395,5.7200131599587465,0.22869655373851172,1.0
2024-01-19,1.7038104155645792,11.301179932855318,5.661074041414315,0.23433583864482532,1.0
2024-01-26,1.6996374891019486,11.603195965493857,5.600430029120382,0.24152641444182743,1.0
2024-02-02,1.5816645619195941,12.182146367006506,5.525851950676268,0.25662769601184365,1.0
2024-02-09,1.9536622160244863,11.972997067395166,5.437922959197897,0.28688438091239776,1.0
2024-02-23,2.8137246380458043,11.51901076456972,5.333468776182726,0.3403676022247559,1.0
2024-03-01,3.7038548775239706,10.698409380256807,5.2440502427437305,0.39258093993041676,1.0
2024-03-08,4.94082567774908,9.08133412261362,5.195163119015594,0.42426126094561045,1.0
2024-03-15,5.505280040501467,8.685160788558424,5.1504719355144974,0.45520813312378916,0.0
2024-03-22,5.572998429465835,8.484922510359757,5.111863976251492,0.48207975231085065,0.0
2024-03-29,5.40505605208894,8.965847983569759,5.064116055340699,0.5153052348274221,0.0
2024-04-05,5.130143952657598,9.713400063625539,5.023070852716179,0.5429239690591756,0.0
2024-04-12,4.9683919552872435,10.054781644059693,5.027806669144893,0.5401677034545473,1.0
2024-04-19,4.918378480266878,10.417430885768777,5.059267525478567,0.5262922717042313,1.0
2024-04-26,5.159603774831453,10.281114475098411,5.103809730594298,0.5086300413912759,0.0
2024-05-03,5.199125600926167,10.321234489071792,5.14926249801918,0.4910712209879611,0.0
2024-05-10,5.882152623369194,10.163127683179846,5.214479829517455,0.4576438704383077,0.0
2024-05-17,6.414916526529519,10.010846383718013,5.293562680528631,0.4112875337012927,0.0
2024-05-24,6.392373893566354,10.164752983160975,5.3673897396725625,0.3682081901808725,0.0
2024-05-31,6.1819032025932295,10.45601408422358,5.435024017018046,0.33183763823732493,0.0
2024-06-07,5.623028456783355,11.022447063715454,5.485014081682445,0.30985321520025844,0.0
2024-06-14,4.790230055640939,11.600504302607531,5.509001433992583,0.3021634173061045,1.0
2024-06-21,4.2463025668990575,11.953515417898187,5.522427949445881,0.2999776874996436,1.0
2024-06-28,3.972649507750732,12.316185813756437,5.5266387205263605,0.29923871391069756,1.0
2024-07-05,3.5275584261607675,12.360774115832688,5.519301007251222,0.3002745273728302,1.0
2024-07-12,3.575088022660179,12.509590232960647,5.512363451226122,0.30138319715527473,1.0
2024-07-19,4.017800611145902,12.81407795208435,5.514397675064847,0.30090061482322605,1.0
2024-07-26,4.372151695455255,12.600168946119439,5.528572821730018,0.2976400617453909,1.0
2024-08-02,4.688648280078829,12.32876981396059,5.553579661893357,0.2923394181549601,1.0
2024-08-09,4.6735425541536255,11.96962987059727,5.580507803995099,0.2897213833803005,1.0
2024-08-16,4.116289872049342,11.321452730047868,5.595885403191357,0.2919975755162958,1.0
2024-08-23,3.705272812371877,11.19286976120516,5.605439658943821,0.2979781140893354,1.0
2024-08-30,3.3859115495078487,11.220090326057916,5.611214947311742,0.3062146237925081,1.0
2024-09-06,2.933831606822673,11.250527402514052,5.6131269884099355,0.31137047345704616,1.0
2024-09-13,2.228412056790047,11.395169141731888,5.613151450800171,0.31007259909292006,1.0
2024-09-20,1.8794324234013158,11.021496642064989,5.614015206097916,0.30403028969143,1.0
2024-09-27,3.1646983407091236,10.958367037976865,5.616809812871287,0.3070075578852789,1.0
2024-10-04,5.2605420782396966,10.782549116576469,5.657675848767162,0.29728960146142924,1.0
2024-10-11,7.357537546701257,10.755224688853268,5.774875615194663,0.23415339846636174,0.0
2024-10-18,8.92244725547483,10.77434876575267,5.965576580275965,0.11210784827972242,0.0
2024-10-25,9.609970475538498,11.216024423423098,6.187072781821878,-0.03149542413378015,0.0
2024-11-01,8.676934242723759,11.559314751152964,6.344281006178562,-0.12490342354150696,0.0
2024-11-08,9.268946189205387,12.20168408548522,6.526119151314689,-0.23500671861975153,0.0
2024-11-15,9.109027555567838,12.284066848852396,6.690940069603859,-0.33187181264073917,0.0
2024-11-22,8.664031699437068,11.936237081179781,6.826490060430263,-0.40793913657014924,0.0
2024-11-29,9.11776906085051,12.532051214869753,6.979933868074755,-0.4947358835425142,0.0
2024-12-06,8.37141121430217,13.383853959046737,7.100189620253618,-0.5524973103554718,0.0
2024-12-13,8.285136005084922,13.604760084161697,7.216779550862476,-0.6019505903654658,0.0
2024-12-20,8.299880224946875,13.599048734134461,7.3324960092762215,-0.6441391714358526,0.0
2024-12-27,8.101051728882517,13.649653641734924,7.438041270376362,-0.6745982131799115,0.0
2025-01-03,7.34649655725042,13.969053783023977,7.515919320657774,-0.6895746182702891,1.0
2025-01-10,6.621396227064741,14.704483087092878,7.571154308609511,-0.6960220304971698,1.0
2025-01-17,6.2636899785477835,15.09165195891541,7.61601558219316,-0.6994294522704458,1.0
2025-01-24,6.076140225949544,15.037024750024953,7.654920807522327,-0.7024371697805631,1.0
2025-01-31,6.235668557598661,14.396910054598361,7.696600651135089,-0.7072409315868637,1.0
2025-02-07,6.657278755496311,13.45237007355622,7.750134082870893,-0.7115270744878832,1.0
2025-02-14,6.9825699442418365,12.89954066071081,7.811753024711587,-0.7149425220915666,1.0
2025-02-21,7.28542791089061,12.546311268919045,7.88063694216784,-0.7201002026986356,1.0
2025-02-28,7.203286417616512,12.473989214817484,7.945214548329211,-0.7178314145984501,1.0
2025-03-07,7.184731828964056,12.737235333762042,8.008492298324771,-0.7165237074149764,1.0
2025-03-14,7.391171292747968,12.994163481756129,8.07685735607411,-0.7229858249757584,1.0
2025-03-21,7.307484589355171,13.300618049028195,8.141673652812942,-0.7256921494029211,1.0
2025-03-28,7.500745995273339,13.588891360966219,8.210660269837186,-0.729675734396412,1.0
2025-04-04,6.995897378810184,13.775224509449277,8.264128257183934,-0.7194746079708976,1.0
2025-04-11,5.995209949788373,13.954821516438,8.289293066767568,-0.6826691522226533,1.0
2025-04-18,5.304721919560572,14.242984829175345,8.295716084898292,-0.6285312060851238,1.0
2025-04-25,4.683559476832982,14.360138131831924,8.292206638848517,-0.5715304691703218,1.0
2025-05-02,4.453481910112341,14.401906392936143,8.288299309986003,-0.5199666418427902,1.0
2025-05-09,4.9168429926092685,14.27562029462723,8.29375662349773,-0.47765515568497463,1.0
2025-05-16,5.144751499162303,14.015146757942267,8.304766796196112,-0.442725291026691,1.0
2025-05-23,5.290739559417672,14.077257914954851,8.316486622480411,-0.4053627586422359,1.0
2025-05-30,5.308217723309916,14.069826489541231,8.324214914499079,-0.3589531674244779,1.0
2025-06-06,4.978663093445643,14.046755053309013,8.32574500722578,-0.30934627121906555,1.0
2025-06-13,4.765121561336363,13.83140483928484,8.327134991130592,-0.2658835876738861,1.0
2025-06-20,4.558205732435402,13.501863245942998,8.327074206855691,-0.2251737764162849,1.0
2025-06-27,4.689804527302315,13.245186568529796,8.332119278821757,-0.1945688474651588,1.0
2025-07-04,4.851285594368819,13.284520819693027,8.341207665426758,-0.17247708988725208,1.0
2025-07-11,5.336353307639395,13.353370420178663,8.356838392519228,-0.1538647061847982,1.0
2025-07-18,6.007774325720195,13.23179696238216,8.382880723092057,-0.14682308557433554,1.0
2025-07-25,6.61508192327516,13.229013437753183,8.418031568147468,-0.14903200366042313,1.0
2025-08-01,6.886860239389351,12.899746841521532,8.458031090073625,-0.15425841901868154,1.0
2025-08-08,6.933729955749399,12.738953642333238,8.4994631019164,-0.1586973126355673,1.0
2025-08-15,6.990861847072759,12.574939710011071,8.544153971213982,-0.15711021727580743,1.0
2025-08-22,7.193256206412577,12.592553771496862,8.591418955072971,-0.1425217825136622,1.0
2025-08-29,7.888169884770816,12.810710532873571,8.650294607673981,-0.12084295546429669,1.0
2025-09-05,8.184245156528497,13.087037623561718,8.712333465977817,-0.09406024652673572,1.0
2025-09-12,8.474548894241007,13.458344757666225,8.779435661041862,-0.06685116391078694,1.0
2025-09-19,8.467999215441948,13.38078702271409,8.846828269311457,-0.042775991412202785,1.0
2025-09-26,8.296486094332423,13.291351103362242,8.908867832217375,-0.017429376567913657,1.0
2025-10-03,8.698367594221736,13.02096727768871,8.982093140611742,0.0005116202026824723,1.0
2025-10-10,8.72645826087537,12.914642111120312,9.055348660763105,0.017257621795057076,1.0
2025-10-17,8.595811384075066,13.390088737171936,9.122848677774396,0.03798265133237777,1.0
2025-10-24,8.502994502237073,13.81291652736444,9.185967351784086,0.06175823150176907,1.0
2025-10-31,7.755880033672919,14.094789768828544,9.226041390960626,0.10128075497017797,1.0
2025-11-07,7.407247770861669,14.470511344780785,9.253166811334456,0.1530666499381903,1.0
2025-11-14,7.523443539309278,14.181693460142663,9.276126951762883,0.2151872425108099,1.0
2025-11-21,6.984326715705922,13.960196155651994,9.288989588118268,0.27826741167303304,1.0
2025-11-28,7.202911236988482,14.020297685993292,9.31011519904326,0.3309485999742465,1.0
2025-12-05,7.2307110828161045,13.846602778524161,9.338780319881023,0.3668867149118906,1.0
2025-12-12,7.0170819304436485,13.845381349656108,9.36863091811529,0.3858165666984581,1.0
2025-12-19,7.370272561223457,13.482577471514322,9.405736964250108,0.396343697993494,1.0
2025-12-26,7.427444913351692,12.95649779963336,9.443269392478605,0.40140035114188866,1.0
2026-01-02,7.377787476629304,12.308049080963254,9.479103169655545,0.4060544630667051,1.0
2026-01-09,7.712396724391976,11.46365261630142,9.521847615635814,0.4102421502755851,1.0
2026-01-16,8.018485521565879,10.587350379381686,9.571045854557184,0.41353269990915464,1.0
2026-01-23,8.181011089734202,9.373272099880747,9.623187714676295,0.41994629333690536,1.0
2026-01-30,8.401841003692608,8.78989491468275,9.679951579381203,0.4239220382648359,1.0
2026-02-06,8.02684547206449,9.118585806245544,9.72699810998586,0.428073280325707,1.0
2026-02-13,7.800840090434796,9.957493877061676,9.768181986269472,0.43242322015715917,1.0
2026-02-27,7.643303193509376,11.393498737964745,9.805519471650568,0.4381261735237718,1.0
2026-03-06,7.422020443261464,12.384917320558577,9.838282652002832,0.45146430272841354,1.0
2026-03-13,7.4114039397788565,12.763144158311299,9.868197307972919,0.47687979785646384,1.0
2026-03-20,6.78430547573379,13.259259713981319,9.885916478570273,0.5086599455501126,1.0
2026-03-27,5.909551262628923,13.636667268384908,9.891092611813832,0.5436135183146105,1.0
2026-04-03,5.253373072178988,14.02732711598439,9.891869743743756,0.5716986085995028,1.0
2026-04-10,4.85533529933109,14.173004037308347,9.892133893639755,0.590489031363191,1.0
2026-04-17,5.283297038154411,13.667728612308204,9.894536393315917,0.6128537204334767,1.0
2026-04-24,6.082068038532359,13.33975030868709,9.905087228903279,0.6316718020093113,1.0
2026-05-01,6.8972044809814,12.969395596656945,9.926464258272626,0.6456096008933709,1.0
2026-05-08,7.446115711825757,12.583230612351601,9.956735297242911,0.6560207714848483,1.0
2026-05-15,7.483218881118386,12.703433875792363,9.987294188930019,0.6664002308316537,1.0
2026-05-22,7.356412222455654,12.4173843292465,10.014982161946492,0.6831892858838424,1.0
2026-05-29,7.02537202507783,12.562699065765004,10.03524562228874,0.7094252913012493,1.0
2026-06-05,6.3597882704810464,12.990899638211372,10.044889852393748,0.7404273827313643,1.0
2026-06-12,6.045921920445515,13.170549724411664,10.04923368917497,0.7756697029989841,1.0
